<scene>
    <lights>
        <light type='POINT' posX='0' posY='0' posZ='0' />
    </lights>
    <!-- SUN  -->
    <group>
        <scale X='3' Y='3' Z='3' />
        <rotate time='25' X='0' Y='1' Z='0' />
        <models>
            <model file='esferaNT.3d' texture='sun.jpg' emiR='1' emiG='1' emiB='1' />
        </models>
    </group>
    <!-- MERCURY -->
    <group>
        <translate time='10' >
            <point X='20.0' Y='0' Z='0.0' />
            <point X='19.02113032590307' Y='0' Z='6.180339887498948' />
            <point X='16.18033988749895' Y='0' Z='11.755705045849464' />
            <point X='11.755705045849464' Y='0' Z='16.18033988749895' />
            <point X='6.180339887498949' Y='0' Z='19.02113032590307' />
            <point X='1.2246467991473533e-15' Y='0' Z='20.0' />
            <point X='-6.180339887498947' Y='0' Z='19.021130325903073' />
            <point X='-11.75570504584946' Y='0' Z='16.18033988749895' />
            <point X='-16.180339887498945' Y='0' Z='11.755705045849465' />
            <point X='-19.02113032590307' Y='0' Z='6.18033988749895' />
            <point X='-20.0' Y='0' Z='2.4492935982947065e-15' />
            <point X='-19.021130325903073' Y='0' Z='-6.1803398874989455' />
            <point X='-16.180339887498953' Y='0' Z='-11.75570504584946' />
            <point X='-11.755705045849465' Y='0' Z='-16.180339887498945' />
            <point X='-6.180339887498951' Y='0' Z='-19.02113032590307' />
            <point X='-3.673940397442059e-15' Y='0' Z='-20.0' />
            <point X='6.180339887498945' Y='0' Z='-19.021130325903073' />
            <point X='11.755705045849458' Y='0' Z='-16.180339887498953' />
            <point X='16.180339887498945' Y='0' Z='-11.755705045849467' />
            <point X='19.02113032590307' Y='0' Z='-6.180339887498953' />
        </translate >
        <rotate time='10' X='0' Y='1' Z='0' />
        <scale X='0.4' Y='0.4' Z='0.4'/>
        <models>
            <model file='esferaNT.3d' texture = 'mercury.jpg' emiR='1' emiG='1' emiB='1' />
        </models>
    </group>
    <!-- VENUS -->
    <group>
        <translate time='15' >
            <point X='30.0' Y='0' Z='0.0' />
            <point X='28.531695488854606' Y='0' Z='9.270509831248422' />
            <point X='24.270509831248425' Y='0' Z='17.633557568774194' />
            <point X='17.633557568774194' Y='0' Z='24.270509831248425' />
            <point X='9.270509831248424' Y='0' Z='28.531695488854606' />
            <point X='1.83697019872103e-15' Y='0' Z='30.0' />
            <point X='-9.27050983124842' Y='0' Z='28.53169548885461' />
            <point X='-17.63355756877419' Y='0' Z='24.270509831248425' />
            <point X='-24.27050983124842' Y='0' Z='17.633557568774197' />
            <point X='-28.531695488854606' Y='0' Z='9.270509831248425' />
            <point X='-30.0' Y='0' Z='3.67394039744206e-15' />
            <point X='-28.53169548885461' Y='0' Z='-9.270509831248418' />
            <point X='-24.270509831248425' Y='0' Z='-17.63355756877419' />
            <point X='-17.633557568774197' Y='0' Z='-24.27050983124842' />
            <point X='-9.270509831248427' Y='0' Z='-28.531695488854606' />
            <point X='-5.510910596163089e-15' Y='0' Z='-30.0' />
            <point X='9.270509831248416' Y='0' Z='-28.53169548885461' />
            <point X='17.633557568774187' Y='0' Z='-24.270509831248425' />
            <point X='24.27050983124842' Y='0' Z='-17.6335575687742' />
            <point X='28.531695488854606' Y='0' Z='-9.270509831248429' />
        </translate >
        <rotate time='5' X='0' Y='1' Z='0' />
        <scale X='0.7' Y='0.7' Z='0.7'/>
        <models>''
            <model file='esferaNT.3d' texture = 'venus.jpg' emiR='1' emiG='1' emiB='1' />
        </models>
    </group>
    <!-- Earth -->
    <group>
            <translate time='24' >
                <point X='40.0' Y='0' Z='0.0' />
                <point X='38.04226065180614' Y='0' Z='12.360679774997896' />
                <point X='32.3606797749979' Y='0' Z='23.511410091698927' />
                <point X='23.511410091698927' Y='0' Z='32.3606797749979' />
                <point X='12.360679774997898' Y='0' Z='38.04226065180614' />
                <point X='2.4492935982947065e-15' Y='0' Z='40.0' />
                <point X='-12.360679774997894' Y='0' Z='38.042260651806146' />
                <point X='-23.51141009169892' Y='0' Z='32.3606797749979' />
                <point X='-32.36067977499789' Y='0' Z='23.51141009169893' />
                <point X='-38.04226065180614' Y='0' Z='12.3606797749979' />
                <point X='-40.0' Y='0' Z='4.898587196589413e-15' />
                <point X='-38.042260651806146' Y='0' Z='-12.360679774997891' />
                <point X='-32.360679774997905' Y='0' Z='-23.51141009169892' />
                <point X='-23.51141009169893' Y='0' Z='-32.36067977499789' />
                <point X='-12.360679774997902' Y='0' Z='-38.04226065180614' />
                <point X='-7.347880794884118e-15' Y='0' Z='-40.0' />
                <point X='12.36067977499789' Y='0' Z='-38.042260651806146' />
                <point X='23.511410091698917' Y='0' Z='-32.360679774997905' />
                <point X='32.36067977499789' Y='0' Z='-23.511410091698934' />
                <point X='38.04226065180614' Y='0' Z='-12.360679774997905' />
            </translate >
            <rotate time='10' X='0' Y='1' Z='0' />
            <scale X='0.8' Y='0.8' Z='0.8'/>
             <models>
                   <model file='esferaNT.3d' texture = 'earth.jpg' emiR='1' emiG='1' emiB='1' />
                </models>
                <!-- moon -->
                <group>
                    <translate time='1' >
                        <point X='8.0' Y='0' Z='0.0' />
                        <point X='7.608452130361228' Y='0' Z='2.472135954999579' />
                        <point X='6.47213595499958' Y='0' Z='4.702282018339785' />
                        <point X='4.702282018339785' Y='0' Z='6.47213595499958' />
                        <point X='2.4721359549995796' Y='0' Z='7.608452130361228' />
                        <point X='4.898587196589413e-16' Y='0' Z='8.0' />
                        <point X='-2.4721359549995787' Y='0' Z='7.608452130361229' />
                        <point X='-4.702282018339784' Y='0' Z='6.47213595499958' />
                        <point X='-6.472135954999579' Y='0' Z='4.702282018339786' />
                        <point X='-7.608452130361228' Y='0' Z='2.47213595499958' />
                        <point X='-8.0' Y='0' Z='9.797174393178826e-16' />
                        <point X='-7.608452130361229' Y='0' Z='-2.4721359549995783' />
                        <point X='-6.4721359549995805' Y='0' Z='-4.702282018339784' />
                        <point X='-4.702282018339786' Y='0' Z='-6.472135954999579' />
                        <point X='-2.4721359549995805' Y='0' Z='-7.608452130361228' />
                        <point X='-1.4695761589768238e-15' Y='0' Z='-8.0' />
                        <point X='2.472135954999578' Y='0' Z='-7.608452130361229' />
                        <point X='4.702282018339783' Y='0' Z='-6.4721359549995805' />
                        <point X='6.472135954999579' Y='0' Z='-4.702282018339787' />
                        <point X='7.608452130361228' Y='0' Z='-2.472135954999581' />
                    </translate >
                    <rotate time='10' X='0' Y='1' Z='0' />
                    <scale X='0.2' Y='0.2' Z='0.2'/>
                    <models>
                        <model file='esferaNT.3d' texture = 'moon.jpg' emiR='1' emiG='1' emiB='1'/>
                    </models>
                </group>
            </group>
    <!-- Mars -->
    <group>
        <translate time='25' >
            <point X='53.0' Y='0' Z='0.0' />
            <point X='50.405995363643136' Y='0' Z='16.37790070187221' />
            <point X='42.877900701872214' Y='0' Z='31.152618371501077' />
            <point X='31.152618371501077' Y='0' Z='42.877900701872214' />
            <point X='16.377900701872214' Y='0' Z='50.405995363643136' />
            <point X='3.245314017740486e-15' Y='0' Z='53.0' />
            <point X='-16.37790070187221' Y='0' Z='50.40599536364314' />
            <point X='-31.15261837150107' Y='0' Z='42.877900701872214' />
            <point X='-42.87790070187221' Y='0' Z='31.15261837150108' />
            <point X='-50.405995363643136' Y='0' Z='16.377900701872218' />
            <point X='-53.0' Y='0' Z='6.490628035480972e-15' />
            <point X='-50.40599536364314' Y='0' Z='-16.377900701872207' />
            <point X='-42.87790070187222' Y='0' Z='-31.15261837150107' />
            <point X='-31.15261837150108' Y='0' Z='-42.87790070187221' />
            <point X='-16.37790070187222' Y='0' Z='-50.405995363643136' />
            <point X='-9.735942053221457e-15' Y='0' Z='-53.0' />
            <point X='16.377900701872203' Y='0' Z='-50.40599536364314' />
            <point X='31.152618371501063' Y='0' Z='-42.87790070187222' />
            <point X='42.87790070187221' Y='0' Z='-31.152618371501088' />
            <point X='50.405995363643136' Y='0' Z='-16.377900701872225' />
        </translate >
        <rotate time='10' X='0' Y='1' Z='0' />
        <scale X='0.6' Y='0.6' Z='0.6'/>
        <models>
            <model file='esferaNT.3d' texture = 'mars.jpg' emiR='1' emiG='1' emiB='1' />
        </models>
    </group>
    <group> <!-- Jupiter -->
        <translate time='30' >
            <point X='75.0' Y='0' Z='0.0' />
            <point X='71.32923872213651' Y='0' Z='23.176274578121056' />
            <point X='60.67627457812106' Y='0' Z='44.083893921935484' />
            <point X='44.083893921935484' Y='0' Z='60.67627457812106' />
            <point X='23.17627457812106' Y='0' Z='71.32923872213651' />
            <point X='4.592425496802574e-15' Y='0' Z='75.0' />
            <point X='-23.17627457812105' Y='0' Z='71.32923872213652' />
            <point X='-44.08389392193548' Y='0' Z='60.67627457812106' />
            <point X='-60.67627457812105' Y='0' Z='44.08389392193549' />
            <point X='-71.32923872213651' Y='0' Z='23.176274578121063' />
            <point X='-75.0' Y='0' Z='9.184850993605149e-15' />
            <point X='-71.32923872213652' Y='0' Z='-23.176274578121046' />
            <point X='-60.67627457812107' Y='0' Z='-44.08389392193548' />
            <point X='-44.08389392193549' Y='0' Z='-60.67627457812105' />
            <point X='-23.176274578121067' Y='0' Z='-71.32923872213651' />
            <point X='-1.3777276490407723e-14' Y='0' Z='-75.0' />
            <point X='23.176274578121042' Y='0' Z='-71.32923872213652' />
            <point X='44.08389392193547' Y='0' Z='-60.67627457812107' />
            <point X='60.67627457812105' Y='0' Z='-44.0838939219355' />
            <point X='71.32923872213651' Y='0' Z='-23.17627457812107' />
        </translate >
        <rotate time='1' X='0' Y='1' Z='0' />
        <scale X='1.6' Y='1.6' Z='1.6'/>
        <models>
            <model file='esferaNT.3d' texture = 'jupiter.jpg' emiR='1' emiG='1' emiB='1' />
        </models>
    </group>
    <group><!-- Saturn -->
        <translate time='27' >
            <point X='100.0' Y='0' Z='0.0' />
            <point X='95.10565162951535' Y='0' Z='30.901699437494738' />
            <point X='80.90169943749474' Y='0' Z='58.778525229247315' />
            <point X='58.778525229247315' Y='0' Z='80.90169943749474' />
            <point X='30.901699437494745' Y='0' Z='95.10565162951535' />
            <point X='6.123233995736766e-15' Y='0' Z='100.0' />
            <point X='-30.901699437494734' Y='0' Z='95.10565162951536' />
            <point X='-58.7785252292473' Y='0' Z='80.90169943749474' />
            <point X='-80.90169943749473' Y='0' Z='58.77852522924732' />
            <point X='-95.10565162951535' Y='0' Z='30.901699437494752' />
            <point X='-100.0' Y='0' Z='1.2246467991473532e-14' />
            <point X='-95.10565162951536' Y='0' Z='-30.901699437494727' />
            <point X='-80.90169943749476' Y='0' Z='-58.7785252292473' />
            <point X='-58.77852522924732' Y='0' Z='-80.90169943749473' />
            <point X='-30.901699437494756' Y='0' Z='-95.10565162951535' />
            <point X='-1.8369701987210297e-14' Y='0' Z='-100.0' />
            <point X='30.901699437494724' Y='0' Z='-95.10565162951536' />
            <point X='58.77852522924729' Y='0' Z='-80.90169943749476' />
            <point X='80.90169943749473' Y='0' Z='-58.778525229247336' />
            <point X='95.10565162951535' Y='0' Z='-30.901699437494763' />
        </translate >
        <rotate time='5' X='0' Y='1' Z='0' />
        <scale X='1.3' Y='1.3' Z='1.3'/>
        <models>
           <model file='esferaNT.3d' texture = 'saturn.jpg' emiR='1' emiG='1' emiB='1' />
        </models>
        <!--ANEL -->
        <group>
            <rotate Angle='100' X='1'/>
            <scale X='0.8' Y='0.8' Z='0.8'/>
            <models>
                <model file='torus.3d' texture = 'saturn_ring_alpha.png' emiR='1' emiG='1' emiB='1' />
            </models>
        </group>
    </group>
    <!-- Uranus -->
    <group>
        <translate time='60' >
            <point X='115.0' Y='0' Z='0.0' />
            <point X='109.37149937394265' Y='0' Z='35.53695435311895' />
            <point X='93.03695435311896' Y='0' Z='67.5953040136344' />
            <point X='67.5953040136344' Y='0' Z='93.03695435311896' />
            <point X='35.53695435311896' Y='0' Z='109.37149937394265' />
            <point X='7.041719095097281e-15' Y='0' Z='115.0' />
            <point X='-35.536954353118944' Y='0' Z='109.37149937394267' />
            <point X='-67.5953040136344' Y='0' Z='93.03695435311896' />
            <point X='-93.03695435311894' Y='0' Z='67.59530401363442' />
            <point X='-109.37149937394265' Y='0' Z='35.536954353118965' />
            <point X='-115.0' Y='0' Z='1.4083438190194563e-14' />
            <point X='-109.37149937394267' Y='0' Z='-35.53695435311894' />
            <point X='-93.03695435311897' Y='0' Z='-67.5953040136344' />
            <point X='-67.59530401363442' Y='0' Z='-93.03695435311894' />
            <point X='-35.53695435311897' Y='0' Z='-109.37149937394265' />
            <point X='-2.112515728529184e-14' Y='0' Z='-115.0' />
            <point X='35.53695435311893' Y='0' Z='-109.37149937394267' />
            <point X='67.59530401363439' Y='0' Z='-93.03695435311897' />
            <point X='93.03695435311894' Y='0' Z='-67.59530401363443' />
            <point X='109.37149937394265' Y='0' Z='-35.53695435311898' />
        </translate >
        <rotate time='5' X='0' Y='1' Z='0' />
        <scale X='1.2' Y='1.2' Z='1.2'/>
        <models>
            <model file='esferaNT.3d' texture = 'uranus.jpg' emiR='1' emiG='1' emiB='1' />
        </models>
    </group> 

    <!-- Neptune -->
    <group>
        <translate time='100' >
            <point X='130.0' Y='0' Z='0.0' />
            <point X='123.63734711836996' Y='0' Z='40.17220926874316' />
            <point X='105.17220926874317' Y='0' Z='76.4120827980215' />
            <point X='76.4120827980215' Y='0' Z='105.17220926874317' />
            <point X='40.17220926874317' Y='0' Z='123.63734711836996' />
            <point X='7.960204194457796e-15' Y='0' Z='130.0' />
            <point X='-40.17220926874315' Y='0' Z='123.63734711836997' />
            <point X='-76.41208279802149' Y='0' Z='105.17220926874317' />
            <point X='-105.17220926874316' Y='0' Z='76.41208279802152' />
            <point X='-123.63734711836996' Y='0' Z='40.172209268743174' />
            <point X='-130.0' Y='0' Z='1.592040838891559e-14' />
            <point X='-123.63734711836997' Y='0' Z='-40.172209268743146' />
            <point X='-105.17220926874319' Y='0' Z='-76.41208279802149' />
            <point X='-76.41208279802152' Y='0' Z='-105.17220926874316' />
            <point X='-40.17220926874318' Y='0' Z='-123.63734711836996' />
            <point X='-2.3880612583373385e-14' Y='0' Z='-130.0' />
            <point X='40.17220926874314' Y='0' Z='-123.63734711836997' />
            <point X='76.41208279802147' Y='0' Z='-105.17220926874319' />
            <point X='105.17220926874316' Y='0' Z='-76.41208279802154' />
            <point X='123.63734711836996' Y='0' Z='-40.17220926874319' />
        </translate >
        <rotate time='0.5' X='0' Y='1' Z='0' />
        <scale X='1.1' Y='1.1' Z='1.1'/>
        <models>
            <model file='esferaNT.3d' texture = 'neptune.jpg' emiR='1' emiG='1' emiB='1'/>
        </models>
    </group>
     <!-- comet -->
    <group>
        <rotate Angle='150' X='1'/>
        <translate time='60' >
            <point X='145.0' Y='0' Z='0.0' />
            <point X='137.90319486279725' Y='0' Z='44.80746418436737' />
            <point X='117.30746418436738' Y='0' Z='85.2288615824086' />
            <point X='85.2288615824086' Y='0' Z='117.30746418436738' />
            <point X='44.80746418436738' Y='0' Z='137.90319486279725' />
            <point X='8.878689293818311e-15' Y='0' Z='145.0' />
            <point X='-44.80746418436736' Y='0' Z='137.90319486279728' />
            <point X='-85.22886158240858' Y='0' Z='117.30746418436738' />
            <point X='-117.30746418436736' Y='0' Z='85.22886158240863' />
            <point X='-137.90319486279725' Y='0' Z='44.80746418436739' />
            <point X='-145.0' Y='0' Z='1.7757378587636622e-14' />
            <point X='-137.90319486279728' Y='0' Z='-44.807464184367355' />
            <point X='-117.30746418436739' Y='0' Z='-85.22886158240858' />
            <point X='-85.22886158240863' Y='0' Z='-117.30746418436736' />
            <point X='-44.8074641843674' Y='0' Z='-137.90319486279725' />
            <point X='-2.663606788145493e-14' Y='0' Z='-145.0' />
            <point X='44.80746418436735' Y='0' Z='-137.90319486279728' />
            <point X='85.22886158240857' Y='0' Z='-117.30746418436739' />
            <point X='117.30746418436736' Y='0' Z='-85.22886158240864' />
            <point X='137.90319486279725' Y='0' Z='-44.807464184367404' />
        </translate >
        <rotate Angle='-90' X='1'/>
        <rotate time='2' X='0' Y='1' Z='0' />
        <scale X='1.1' Y='1.1' Z='1.1'/>
        <models>
            <model file='cometa.3d' texture = 'venus_atmosphere.jpg' emiR='1' emiG='1' emiB='1'/>
        </models>
    </group>
</scene>
